cohort,coin,observations,coverage_pct,first_observation_utc,last_observation_utc,hours_stale_at_cutoff,positive_hours_pct,negative_hours_pct,simple_cumulative_funding_1x_pct,constant_2x_funding_pct_of_starting_equity,annualized_arithmetic_mean_1x_pct
core_crypto,AAVE,2160,100.0000000000,2026-04-03T11:00:00+00:00,2026-07-02T10:00:00+00:00,0.0000000000,93.0555555556,6.9444444444,2.2861649400,4.5723298800,9.2716689233
core_crypto,ACE,2160,100.0000000000,2026-04-03T11:00:00+00:00,2026-07-02T10:00:00+00:00,0.0000000000,90.6481481481,9.3518518519,-2.3776764400,-4.7553528800,-9.6427988956
core_crypto,ADA,2160,100.0000000000,2026-04-03T11:00:00+00:00,2026-07-02T10:00:00+00:00,0.0000000000,53.1944444444,46.8055555556,-1.0933798500,-2.1867597000,-4.4342627250
core_crypto,AIXBT,2160,100.0000000000,2026-04-03T11:00:00+00:00,2026-07-02T10:00:00+00:00,0.0000000000,62.0833333333,37.9166666667,-1.6049298200,-3.2098596400,-6.5088820478
core_crypto,ALGO,2160,100.0000000000,2026-04-03T11:00:00+00:00,2026-07-02T10:00:00+00:00,0.0000000000,87.0833333333,12.9166666667,1.7082353400,3.4164706800,6.9278433233
core_crypto,ALT,2160,100.0000000000,2026-04-03T11:00:00+00:00,2026-07-02T10:00:00+00:00,0.0000000000,37.5925925926,62.4074074074,-14.1018903900,-28.2037807800,-57.1909999150
core_crypto,ANIME,2160,100.0000000000,2026-04-03T11:00:00+00:00,2026-07-02T10:00:00+00:00,0.0000000000,71.8055555556,28.1944444444,-0.3626366900,-0.7252733800,-1.4706932428
core_crypto,APE,2160,100.0000000000,2026-04-03T11:00:00+00:00,2026-07-02T10:00:00+00:00,0.0000000000,69.6296296296,30.3703703704,-2.0336513700,-4.0673027400,-8.2475861117
core_crypto,APT,2160,100.0000000000,2026-04-03T11:00:00+00:00,2026-07-02T10:00:00+00:00,0.0000000000,45.9259259259,54.0740740741,-1.9584196500,-3.9168393000,-7.9424796917
core_crypto,AR,2160,100.0000000000,2026-04-03T11:00:00+00:00,2026-07-02T10:00:00+00:00,0.0000000000,97.4537037037,2.5462962963,2.5645577100,5.1291154200,10.4007062683
core_crypto,ARB,2160,100.0000000000,2026-04-03T11:00:00+00:00,2026-07-02T10:00:00+00:00,0.0000000000,60.2777777778,39.7222222222,0.0658258300,0.1316516600,0.2669603106
core_crypto,ATOM,2160,100.0000000000,2026-04-03T11:00:00+00:00,2026-07-02T10:00:00+00:00,0.0000000000,63.1944444444,36.8055555556,-0.4817633000,-0.9635266000,-1.9538178278
core_crypto,AVAX,2160,100.0000000000,2026-04-03T11:00:00+00:00,2026-07-02T10:00:00+00:00,0.0000000000,76.8981481481,23.1018518519,1.1165495300,2.2330990600,4.5282286494
core_crypto,BABY,2160,100.0000000000,2026-04-03T11:00:00+00:00,2026-07-02T10:00:00+00:00,0.0000000000,58.2870370370,41.7129629630,-10.3731479200,-20.7462958400,-42.0688776756
core_crypto,BANANA,2160,100.0000000000,2026-04-03T11:00:00+00:00,2026-07-02T10:00:00+00:00,0.0000000000,80.9722222222,19.0277777778,-0.8635966200,-1.7271932400,-3.5023640700
core_crypto,BCH,2160,100.0000000000,2026-04-03T11:00:00+00:00,2026-07-02T10:00:00+00:00,0.0000000000,59.7685185185,40.2314814815,-0.2828762300,-0.5657524600,-1.1472202661
core_crypto,BERA,2160,100.0000000000,2026-04-03T11:00:00+00:00,2026-07-02T10:00:00+00:00,0.0000000000,62.4537037037,37.5462962963,-4.2340459900,-8.4680919800,-17.1714087372
core_crypto,BIGTIME,2160,100.0000000000,2026-04-03T11:00:00+00:00,2026-07-02T10:00:00+00:00,0.0000000000,84.2129629630,15.7870370370,1.1569450100,2.3138900200,4.6920547628
core_crypto,BIO,2160,100.0000000000,2026-04-03T11:00:00+00:00,2026-07-02T10:00:00+00:00,0.0000000000,67.5925925926,32.4074074074,-4.7365738100,-9.4731476200,-19.2094382294
core_crypto,BLUR,2160,100.0000000000,2026-04-03T11:00:00+00:00,2026-07-02T10:00:00+00:00,0.0000000000,52.1759259259,47.8240740741,-11.7419969200,-23.4839938400,-47.6203208422
core_crypto,BNB,2160,100.0000000000,2026-04-03T11:00:00+00:00,2026-07-02T10:00:00+00:00,0.0000000000,83.7037037037,16.2962962963,1.6649252400,3.3298504800,6.7521968067
core_crypto,BOME,2160,100.0000000000,2026-04-03T11:00:00+00:00,2026-07-02T10:00:00+00:00,0.0000000000,88.4722222222,11.5277777778,1.3114354300,2.6228708600,5.3185992439
core_crypto,BRETT,2160,100.0000000000,2026-04-03T11:00:00+00:00,2026-07-02T10:00:00+00:00,0.0000000000,88.7037037037,11.2962962963,1.3469503600,2.6939007200,5.4626320156
core_crypto,BSV,2160,100.0000000000,2026-04-03T11:00:00+00:00,2026-07-02T10:00:00+00:00,0.0000000000,72.6388888889,27.3611111111,-2.9071772600,-5.8143545200,-11.7902188878
core_crypto,BTC,2160,100.0000000000,2026-04-03T11:00:00+00:00,2026-07-02T10:00:00+00:00,0.0000000000,70.4166666667,29.5833333333,0.7548162500,1.5096325000,3.0611992361
core_crypto,CAKE,2160,100.0000000000,2026-04-03T11:00:00+00:00,2026-07-02T10:00:00+00:00,0.0000000000,75.6944444444,24.3055555556,0.4407869200,0.8815738400,1.7876358422
core_crypto,CELO,2160,100.0000000000,2026-04-03T11:00:00+00:00,2026-07-02T10:00:00+00:00,0.0000000000,87.1759259259,12.8240740741,-0.3574523100,-0.7149046200,-1.4496677017
core_crypto,CFX,2160,100.0000000000,2026-04-03T11:00:00+00:00,2026-07-02T10:00:00+00:00,0.0000000000,99.9074074074,0.0925925926,2.8541601200,5.7083202400,11.5752049311
core_crypto,COMP,2160,100.0000000000,2026-04-03T11:00:00+00:00,2026-07-02T10:00:00+00:00,0.0000000000,50.6481481481,49.3518518519,-5.2840408000,-10.5680816000,-21.4297210222
core_crypto,CRV,2160,100.0000000000,2026-04-03T11:00:00+00:00,2026-07-02T10:00:00+00:00,0.0000000000,83.4259259259,16.5740740741,1.4396119300,2.8792238600,5.8384261606
core_crypto,DOGE,2160,100.0000000000,2026-04-03T11:00:00+00:00,2026-07-02T10:00:00+00:00,0.0000000000,78.1481481481,21.8518518519,1.4142806500,2.8285613000,5.7356937472
core_crypto,DOT,2160,100.0000000000,2026-04-03T11:00:00+00:00,2026-07-02T10:00:00+00:00,0.0000000000,58.2407407407,41.7592592593,-1.4783740600,-2.9567481200,-5.9956281322
core_crypto,DYDX,2160,100.0000000000,2026-04-03T11:00:00+00:00,2026-07-02T10:00:00+00:00,0.0000000000,97.0833333333,2.9166666667,2.8259832200,5.6519664400,11.4609319478
core_crypto,DYM,2160,100.0000000000,2026-04-03T11:00:00+00:00,2026-07-02T10:00:00+00:00,0.0000000000,79.7685185185,20.2314814815,-0.5657182700,-1.1314365400,-2.2943018728
core_crypto,EIGEN,2160,100.0000000000,2026-04-03T11:00:00+00:00,2026-07-02T10:00:00+00:00,0.0000000000,60.7407407407,39.2592592593,-1.8140874300,-3.6281748600,-7.3571323550
core_crypto,ENA,2160,100.0000000000,2026-04-03T11:00:00+00:00,2026-07-02T10:00:00+00:00,0.0000000000,82.3611111111,17.6388888889,1.4793678000,2.9587356000,5.9996583000
core_crypto,ENS,2160,100.0000000000,2026-04-03T11:00:00+00:00,2026-07-02T10:00:00+00:00,0.0000000000,99.9537037037,0.0462962963,2.7080580400,5.4161160800,10.9826798289
core_crypto,ETC,2160,100.0000000000,2026-04-03T11:00:00+00:00,2026-07-02T10:00:00+00:00,0.0000000000,70.7407407407,29.2592592593,0.3021147900,0.6042295800,1.2252433150
core_crypto,ETH,2160,100.0000000000,2026-04-03T11:00:00+00:00,2026-07-02T10:00:00+00:00,0.0000000000,72.9166666667,27.0833333333,0.9411285400,1.8822570800,3.8167990789
core_crypto,ETHFI,2160,100.0000000000,2026-04-03T11:00:00+00:00,2026-07-02T10:00:00+00:00,0.0000000000,94.8611111111,5.1388888889,2.4396684900,4.8793369800,9.8942110983
core_crypto,FARTCOIN,2160,100.0000000000,2026-04-03T11:00:00+00:00,2026-07-02T10:00:00+00:00,0.0000000000,97.5925925926,2.4074074074,3.3048529800,6.6097059600,13.4030148633
core_crypto,FET,2160,100.0000000000,2026-04-03T11:00:00+00:00,2026-07-02T10:00:00+00:00,0.0000000000,85.0462962963,14.9537037037,-0.8704632000,-1.7409264000,-3.5302118667
core_crypto,FIL,2160,100.0000000000,2026-04-03T11:00:00+00:00,2026-07-02T10:00:00+00:00,0.0000000000,83.1481481481,16.8518518519,1.3995767100,2.7991534200,5.6760611017
core_crypto,GALA,2160,100.0000000000,2026-04-03T11:00:00+00:00,2026-07-02T10:00:00+00:00,0.0000000000,88.0092592593,11.9907407407,1.8088218400,3.6176436800,7.3357774622
core_crypto,GAS,2160,100.0000000000,2026-04-03T11:00:00+00:00,2026-07-02T10:00:00+00:00,0.0000000000,61.5277777778,38.4722222222,-4.9166425300,-9.8332850600,-19.9397169272
core_crypto,GMT,2160,100.0000000000,2026-04-03T11:00:00+00:00,2026-07-02T10:00:00+00:00,0.0000000000,73.7962962963,26.2037037037,-2.2441614200,-4.4883228400,-9.1013213144
core_crypto,GMX,2160,100.0000000000,2026-04-03T11:00:00+00:00,2026-07-02T10:00:00+00:00,0.0000000000,90.3240740741,9.6759259259,1.9832301700,3.9664603400,8.0431001339
core_crypto,GOAT,2160,100.0000000000,2026-04-03T11:00:00+00:00,2026-07-02T10:00:00+00:00,0.0000000000,98.6574074074,1.3425925926,3.0303325200,6.0606650400,12.2896818867
core_crypto,GRASS,2160,100.0000000000,2026-04-03T11:00:00+00:00,2026-07-02T10:00:00+00:00,0.0000000000,99.9074074074,0.0925925926,3.1862152700,6.3724305400,12.9218730394
core_crypto,GRIFFAIN,2160,100.0000000000,2026-04-03T11:00:00+00:00,2026-07-02T10:00:00+00:00,0.0000000000,94.8611111111,5.1388888889,4.6171450100,9.2342900200,18.7250880961
core_crypto,HBAR,2160,100.0000000000,2026-04-03T11:00:00+00:00,2026-07-02T10:00:00+00:00,0.0000000000,85.2777777778,14.7222222222,1.6674333600,3.3348667200,6.7623686267
core_crypto,HMSTR,2160,100.0000000000,2026-04-03T11:00:00+00:00,2026-07-02T10:00:00+00:00,0.0000000000,96.2500000000,3.7500000000,2.3036982000,4.6073964000,9.3427760333
core_crypto,HYPE,2160,100.0000000000,2026-04-03T11:00:00+00:00,2026-07-02T10:00:00+00:00,0.0000000000,86.4351851852,13.5648148148,2.1620633900,4.3241267800,8.7683681928
core_crypto,HYPER,2160,100.0000000000,2026-04-03T11:00:00+00:00,2026-07-02T10:00:00+00:00,0.0000000000,55.5092592593,44.4907407407,-7.9305576000,-15.8611152000,-32.1628169333
core_crypto,IMX,2160,100.0000000000,2026-04-03T11:00:00+00:00,2026-07-02T10:00:00+00:00,0.0000000000,80.7407407407,19.2592592593,0.2733971600,0.5467943200,1.1087773711
core_crypto,INIT,2160,100.0000000000,2026-04-03T11:00:00+00:00,2026-07-02T10:00:00+00:00,0.0000000000,72.5000000000,27.5000000000,0.1383570500,0.2767141000,0.5611147028
core_crypto,INJ,2160,100.0000000000,2026-04-03T11:00:00+00:00,2026-07-02T10:00:00+00:00,0.0000000000,62.1759259259,37.8240740741,-0.6589171300,-1.3178342600,-2.6722750272
core_crypto,IO,2160,100.0000000000,2026-04-03T11:00:00+00:00,2026-07-02T10:00:00+00:00,0.0000000000,57.0833333333,42.9166666667,-4.7838044900,-9.5676089800,-19.4009848761
core_crypto,IOTA,2160,100.0000000000,2026-04-03T11:00:00+00:00,2026-07-02T10:00:00+00:00,0.0000000000,78.1944444444,21.8055555556,0.2800776000,0.5601552000,1.1358702667
core_crypto,JTO,2160,100.0000000000,2026-04-03T11:00:00+00:00,2026-07-02T10:00:00+00:00,0.0000000000,52.5925925926,47.4074074074,-5.3061059100,-10.6122118200,-21.5192073017
core_crypto,JUP,2160,100.0000000000,2026-04-03T11:00:00+00:00,2026-07-02T10:00:00+00:00,0.0000000000,67.0370370370,32.9629629630,-0.2453352600,-0.4906705200,-0.9949707767
core_crypto,KAITO,2160,100.0000000000,2026-04-03T11:00:00+00:00,2026-07-02T10:00:00+00:00,0.0000000000,52.0833333333,47.9166666667,-2.3458813400,-4.6917626800,-9.5138521011
core_crypto,KAS,2160,100.0000000000,2026-04-03T11:00:00+00:00,2026-07-02T10:00:00+00:00,0.0000000000,86.6666666667,13.3333333333,1.4312699100,2.8625398200,5.8045946350
core_crypto,LAYER,2160,100.0000000000,2026-04-03T11:00:00+00:00,2026-07-02T10:00:00+00:00,0.0000000000,63.1018518519,36.8981481481,-13.6899103100,-27.3798206200,-55.5201918128
core_crypto,LDO,2160,100.0000000000,2026-04-03T11:00:00+00:00,2026-07-02T10:00:00+00:00,0.0000000000,95.6944444444,4.3055555556,2.3922982200,4.7845964400,9.7020983367
core_crypto,LINK,2160,100.0000000000,2026-04-03T11:00:00+00:00,2026-07-02T10:00:00+00:00,0.0000000000,93.7500000000,6.2500000000,2.3174717900,4.6349435800,9.3986355928
core_crypto,LTC,2160,100.0000000000,2026-04-03T11:00:00+00:00,2026-07-02T10:00:00+00:00,0.0000000000,87.2685185185,12.7314814815,1.8385658800,3.6771317600,7.4564060689
core_crypto,MANTA,2160,100.0000000000,2026-04-03T11:00:00+00:00,2026-07-02T10:00:00+00:00,0.0000000000,88.4259259259,11.5740740741,1.3221083800,2.6442167600,5.3618839856
core_crypto,ME,2160,100.0000000000,2026-04-03T11:00:00+00:00,2026-07-02T10:00:00+00:00,0.0000000000,61.1111111111,38.8888888889,-7.7730149900,-15.5460299800,-31.5238941261
core_crypto,MELANIA,2160,100.0000000000,2026-04-03T11:00:00+00:00,2026-07-02T10:00:00+00:00,0.0000000000,95.0925925926,4.9074074074,2.1194040900,4.2388081800,8.5953610317
core_crypto,MEME,2160,100.0000000000,2026-04-03T11:00:00+00:00,2026-07-02T10:00:00+00:00,0.0000000000,78.1018518519,21.8981481481,-0.5942600600,-1.1885201200,-2.4100546878
core_crypto,MERL,2160,100.0000000000,2026-04-03T11:00:00+00:00,2026-07-02T10:00:00+00:00,0.0000000000,67.7314814815,32.2685185185,-1.8439321500,-3.6878643000,-7.4781692750
core_crypto,MINA,2160,100.0000000000,2026-04-03T11:00:00+00:00,2026-07-02T10:00:00+00:00,0.0000000000,55.6944444444,44.3055555556,-3.2485678100,-6.4971356200,-13.1747472294
core_crypto,MNT,2160,100.0000000000,2026-04-03T11:00:00+00:00,2026-07-02T10:00:00+00:00,0.0000000000,95.3703703704,4.6296296296,3.0602986800,6.1205973600,12.4112113133
core_crypto,MOODENG,2160,100.0000000000,2026-04-03T11:00:00+00:00,2026-07-02T10:00:00+00:00,0.0000000000,75.0925925926,24.9074074074,0.0631462900,0.1262925800,0.2560932872
core_crypto,MORPHO,2160,100.0000000000,2026-04-03T11:00:00+00:00,2026-07-02T10:00:00+00:00,0.0000000000,75.9259259259,24.0740740741,0.5061472000,1.0122944000,2.0527080889
core_crypto,MOVE,2160,100.0000000000,2026-04-03T11:00:00+00:00,2026-07-02T10:00:00+00:00,0.0000000000,57.6388888889,42.3611111111,-10.1391923000,-20.2783846000,-41.1200576611
core_crypto,NEAR,2160,100.0000000000,2026-04-03T11:00:00+00:00,2026-07-02T10:00:00+00:00,0.0000000000,94.4444444444,5.5555555556,3.0204567300,6.0409134600,12.2496300717
core_crypto,NEO,2160,100.0000000000,2026-04-03T11:00:00+00:00,2026-07-02T10:00:00+00:00,0.0000000000,84.4444444444,15.5555555556,1.2303682200,2.4607364400,4.9898266700
core_crypto,NIL,2160,100.0000000000,2026-04-03T11:00:00+00:00,2026-07-02T10:00:00+00:00,0.0000000000,89.8148148148,10.1851851852,-0.1756177000,-0.3512354000,-0.7122273389
core_crypto,NOT,2160,100.0000000000,2026-04-03T11:00:00+00:00,2026-07-02T10:00:00+00:00,0.0000000000,74.4907407407,25.5092592593,0.1226630600,0.2453261200,0.4974668544
core_crypto,NXPC,2160,100.0000000000,2026-04-03T11:00:00+00:00,2026-07-02T10:00:00+00:00,0.0000000000,92.1296296296,7.8703703704,2.1182685600,4.2365371200,8.5907558267
core_crypto,ONDO,2160,100.0000000000,2026-04-03T11:00:00+00:00,2026-07-02T10:00:00+00:00,0.0000000000,84.1666666667,15.8333333333,1.6563670600,3.3127341200,6.7174886322
core_crypto,OP,2160,100.0000000000,2026-04-03T11:00:00+00:00,2026-07-02T10:00:00+00:00,0.0000000000,55.6944444444,44.3055555556,-1.5720132300,-3.1440264600,-6.3753869883
core_crypto,ORDI,2160,100.0000000000,2026-04-03T11:00:00+00:00,2026-07-02T10:00:00+00:00,0.0000000000,83.2407407407,16.7592592593,1.4854634000,2.9709268000,6.0243793444
core_crypto,PAXG,2160,100.0000000000,2026-04-03T11:00:00+00:00,2026-07-02T10:00:00+00:00,0.0000000000,86.8055555556,13.1944444444,1.8665977300,3.7331954600,7.5700907939
core_crypto,PENDLE,2160,100.0000000000,2026-04-03T11:00:00+00:00,2026-07-02T10:00:00+00:00,0.0000000000,90.3240740741,9.6759259259,1.9324841200,3.8649682400,7.8372967089
core_crypto,PENGU,2160,100.0000000000,2026-04-03T11:00:00+00:00,2026-07-02T10:00:00+00:00,0.0000000000,70.1851851852,29.8148148148,0.6206390400,1.2412780800,2.5170361067
core_crypto,PEOPLE,2160,100.0000000000,2026-04-03T11:00:00+00:00,2026-07-02T10:00:00+00:00,0.0000000000,93.0092592593,6.9907407407,2.1627089300,4.3254178600,8.7709862161
core_crypto,PNUT,2160,100.0000000000,2026-04-03T11:00:00+00:00,2026-07-02T10:00:00+00:00,0.0000000000,73.5648148148,26.4351851852,0.7156916700,1.4313833400,2.9025273283
core_crypto,POL,2160,100.0000000000,2026-04-03T11:00:00+00:00,2026-07-02T10:00:00+00:00,0.0000000000,63.9351851852,36.0648148148,-1.3940419800,-2.7880839600,-5.6536146967
core_crypto,POLYX,2160,100.0000000000,2026-04-03T11:00:00+00:00,2026-07-02T10:00:00+00:00,0.0000000000,66.2962962963,33.7037037037,-13.1129433300,-26.2258866600,-53.1802701717
core_crypto,POPCAT,2160,100.0000000000,2026-04-03T11:00:00+00:00,2026-07-02T10:00:00+00:00,0.0000000000,83.5185185185,16.4814814815,1.2427888300,2.4855776600,5.0401991439
core_crypto,PURR,2160,100.0000000000,2026-04-03T11:00:00+00:00,2026-07-02T10:00:00+00:00,0.0000000000,96.5740740741,3.4259259259,5.3699057200,10.7398114400,21.7779509756
core_crypto,PYTH,2160,100.0000000000,2026-04-03T11:00:00+00:00,2026-07-02T10:00:00+00:00,0.0000000000,70.6481481481,29.3518518519,0.3438961200,0.6877922400,1.3946898200
core_crypto,RENDER,2160,100.0000000000,2026-04-03T11:00:00+00:00,2026-07-02T10:00:00+00:00,0.0000000000,85.9722222222,14.0277777778,1.6603176300,3.3206352600,6.7335103883
core_crypto,RESOLV,2160,100.0000000000,2026-04-03T11:00:00+00:00,2026-07-02T10:00:00+00:00,0.0000000000,89.3518518519,10.6481481481,0.8578777600,1.7157555200,3.4791709156
core_crypto,REZ,2160,100.0000000000,2026-04-03T11:00:00+00:00,2026-07-02T10:00:00+00:00,0.0000000000,76.3425925926,23.6574074074,-8.7669011200,-17.5338022400,-35.5546545422
core_crypto,RSR,2160,100.0000000000,2026-04-03T11:00:00+00:00,2026-07-02T10:00:00+00:00,0.0000000000,93.8888888889,6.1111111111,2.0416630200,4.0833260400,8.2800778033
core_crypto,RUNE,2160,100.0000000000,2026-04-03T11:00:00+00:00,2026-07-02T10:00:00+00:00,0.0000000000,94.6759259259,5.3240740741,2.2318272400,4.4636544800,9.0512993622
core_crypto,S,2160,100.0000000000,2026-04-03T11:00:00+00:00,2026-07-02T10:00:00+00:00,0.0000000000,51.3888888889,48.6111111111,-3.0174888100,-6.0349776200,-12.2375935072
core_crypto,SAGA,2160,100.0000000000,2026-04-03T11:00:00+00:00,2026-07-02T10:00:00+00:00,0.0000000000,74.8611111111,25.1388888889,-0.1350408500,-0.2700817000,-0.5476656694
core_crypto,SAND,2160,100.0000000000,2026-04-03T11:00:00+00:00,2026-07-02T10:00:00+00:00,0.0000000000,65.9259259259,34.0740740741,-0.1791700800,-0.3583401600,-0.7266342133
core_crypto,SEI,2160,100.0000000000,2026-04-03T11:00:00+00:00,2026-07-02T10:00:00+00:00,0.0000000000,51.8055555556,48.1944444444,-1.6663850400,-3.3327700800,-6.7581171067
core_crypto,SNX,2160,100.0000000000,2026-04-03T11:00:00+00:00,2026-07-02T10:00:00+00:00,0.0000000000,69.2592592593,30.7407407407,-1.0008415400,-2.0016830800,-4.0589684678
core_crypto,SOL,2160,100.0000000000,2026-04-03T11:00:00+00:00,2026-07-02T10:00:00+00:00,0.0000000000,58.3333333333,41.6666666667,0.1203950300,0.2407900600,0.4882687328
core_crypto,SOPH,2160,100.0000000000,2026-04-03T11:00:00+00:00,2026-07-02T10:00:00+00:00,0.0000000000,84.5833333333,15.4166666667,-3.0417758000,-6.0835516000,-12.3360907444
core_crypto,SPX,2160,100.0000000000,2026-04-03T11:00:00+00:00,2026-07-02T10:00:00+00:00,0.0000000000,89.0740740741,10.9259259259,1.8333533200,3.6667066400,7.4352662422
core_crypto,STRK,2160,100.0000000000,2026-04-03T11:00:00+00:00,2026-07-02T10:00:00+00:00,0.0000000000,49.0740740741,50.9259259259,-2.2400332800,-4.4800665600,-9.0845794133
core_crypto,STX,2160,100.0000000000,2026-04-03T11:00:00+00:00,2026-07-02T10:00:00+00:00,0.0000000000,61.1574074074,38.8425925926,-1.1808456200,-2.3616912400,-4.7889850144
core_crypto,SUI,2160,100.0000000000,2026-04-03T11:00:00+00:00,2026-07-02T10:00:00+00:00,0.0000000000,64.3055555556,35.6944444444,0.5022331800,1.0044663600,2.0368345633
core_crypto,SUPER,2160,100.0000000000,2026-04-03T11:00:00+00:00,2026-07-02T10:00:00+00:00,0.0000000000,79.8611111111,20.1388888889,-13.2148192500,-26.4296385000,-53.5934336250
core_crypto,SUSHI,2160,100.0000000000,2026-04-03T11:00:00+00:00,2026-07-02T10:00:00+00:00,0.0000000000,63.3333333333,36.6666666667,-0.4981325900,-0.9962651800,-2.0202043928
core_crypto,SYRUP,2160,100.0000000000,2026-04-03T11:00:00+00:00,2026-07-02T10:00:00+00:00,0.0000000000,99.3055555556,0.6944444444,2.9393784400,5.8787568800,11.9208125622
core_crypto,TAO,2160,100.0000000000,2026-04-03T11:00:00+00:00,2026-07-02T10:00:00+00:00,0.0000000000,84.8148148148,15.1851851852,1.8453309600,3.6906619200,7.4838422267
core_crypto,TIA,2160,100.0000000000,2026-04-03T11:00:00+00:00,2026-07-02T10:00:00+00:00,0.0000000000,58.8888888889,41.1111111111,0.0666127500,0.1332255000,0.2701517083
core_crypto,TNSR,2160,100.0000000000,2026-04-03T11:00:00+00:00,2026-07-02T10:00:00+00:00,0.0000000000,85.1851851852,14.8148148148,-10.6295813500,-21.2591627000,-43.1088576972
core_crypto,TRB,2160,100.0000000000,2026-04-03T11:00:00+00:00,2026-07-02T10:00:00+00:00,0.0000000000,97.4537037037,2.5462962963,2.5223308400,5.0446616800,10.2294528511
core_crypto,TRUMP,2160,100.0000000000,2026-04-03T11:00:00+00:00,2026-07-02T10:00:00+00:00,0.0000000000,23.1944444444,76.8055555556,-10.6504847600,-21.3009695200,-43.1936326378
core_crypto,TRX,2160,100.0000000000,2026-04-03T11:00:00+00:00,2026-07-02T10:00:00+00:00,0.0000000000,54.6296296296,45.3703703704,-2.9236904200,-5.8473808400,-11.8571889256
core_crypto,TURBO,2160,100.0000000000,2026-04-03T11:00:00+00:00,2026-07-02T10:00:00+00:00,0.0000000000,61.6203703704,38.3796296296,-1.9200478400,-3.8400956800,-7.7868606844
core_crypto,UMA,2160,100.0000000000,2026-04-03T11:00:00+00:00,2026-07-02T10:00:00+00:00,0.0000000000,71.2500000000,28.7500000000,-1.3742960100,-2.7485920200,-5.5735338183
core_crypto,UNI,2160,100.0000000000,2026-04-03T11:00:00+00:00,2026-07-02T10:00:00+00:00,0.0000000000,89.1666666667,10.8333333333,1.9708360300,3.9416720600,7.9928350106
core_crypto,USUAL,2160,100.0000000000,2026-04-03T11:00:00+00:00,2026-07-02T10:00:00+00:00,0.0000000000,80.6481481481,19.3518518519,0.2054210200,0.4108420400,0.8330963589
core_crypto,VINE,2160,100.0000000000,2026-04-03T11:00:00+00:00,2026-07-02T10:00:00+00:00,0.0000000000,99.3055555556,0.6944444444,9.1044597700,18.2089195400,36.9236424006
core_crypto,VIRTUAL,2160,100.0000000000,2026-04-03T11:00:00+00:00,2026-07-02T10:00:00+00:00,0.0000000000,75.6018518519,24.3981481481,0.6243416500,1.2486833000,2.5320522472
core_crypto,VVV,2160,100.0000000000,2026-04-03T11:00:00+00:00,2026-07-02T10:00:00+00:00,0.0000000000,82.0833333333,17.9166666667,1.0168769900,2.0337539800,4.1240011261
core_crypto,W,2160,100.0000000000,2026-04-03T11:00:00+00:00,2026-07-02T10:00:00+00:00,0.0000000000,59.5833333333,40.4166666667,-2.0511807300,-4.1023614600,-8.3186774050
core_crypto,WCT,2160,100.0000000000,2026-04-03T11:00:00+00:00,2026-07-02T10:00:00+00:00,0.0000000000,91.8055555556,8.1944444444,1.8848167000,3.7696334000,7.6439788389
core_crypto,WIF,2160,100.0000000000,2026-04-03T11:00:00+00:00,2026-07-02T10:00:00+00:00,0.0000000000,86.0185185185,13.9814814815,0.8876322400,1.7752644800,3.5998418622
core_crypto,WLD,2160,100.0000000000,2026-04-03T11:00:00+00:00,2026-07-02T10:00:00+00:00,0.0000000000,65.7870370370,34.2129629630,-2.1238018700,-4.2476037400,-8.6131964728
core_crypto,XAI,2160,100.0000000000,2026-04-03T11:00:00+00:00,2026-07-02T10:00:00+00:00,0.0000000000,59.8148148148,40.1851851852,-2.3956668800,-4.7913337600,-9.7157601244
core_crypto,XLM,2160,100.0000000000,2026-04-03T11:00:00+00:00,2026-07-02T10:00:00+00:00,0.0000000000,70.2314814815,29.7685185185,0.2962607900,0.5925215800,1.2015020928
core_crypto,XRP,2160,100.0000000000,2026-04-03T11:00:00+00:00,2026-07-02T10:00:00+00:00,0.0000000000,52.3148148148,47.6851851852,-0.0335341200,-0.0670682400,-0.1359994867
core_crypto,YGG,2160,100.0000000000,2026-04-03T11:00:00+00:00,2026-07-02T10:00:00+00:00,0.0000000000,69.6759259259,30.3240740741,0.3288942000,0.6577884000,1.3338487000
core_crypto,ZEN,2160,100.0000000000,2026-04-03T11:00:00+00:00,2026-07-02T10:00:00+00:00,0.0000000000,79.9074074074,20.0925925926,1.2937392300,2.5874784600,5.2468313217
core_crypto,ZETA,2160,100.0000000000,2026-04-03T11:00:00+00:00,2026-07-02T10:00:00+00:00,0.0000000000,73.5185185185,26.4814814815,-6.4487310900,-12.8974621800,-26.1531871983
core_crypto,ZK,2160,100.0000000000,2026-04-03T11:00:00+00:00,2026-07-02T10:00:00+00:00,0.0000000000,82.9629629630,17.0370370370,0.5198446300,1.0396892600,2.1082587772
core_crypto,ZORA,2160,100.0000000000,2026-04-03T11:00:00+00:00,2026-07-02T10:00:00+00:00,0.0000000000,70.8796296296,29.1203703704,-4.6700835700,-9.3401671400,-18.9397833672
core_crypto,ZRO,2160,100.0000000000,2026-04-03T11:00:00+00:00,2026-07-02T10:00:00+00:00,0.0000000000,96.9444444444,3.0555555556,3.8649730800,7.7299461600,15.6746130467
core_crypto,kBONK,2160,100.0000000000,2026-04-03T11:00:00+00:00,2026-07-02T10:00:00+00:00,0.0000000000,86.8055555556,13.1944444444,1.7408002900,3.4816005800,7.0599122872
core_crypto,kFLOKI,2160,100.0000000000,2026-04-03T11:00:00+00:00,2026-07-02T10:00:00+00:00,0.0000000000,72.0833333333,27.9166666667,0.5027768900,1.0055537800,2.0390396094
core_crypto,kLUNC,2160,100.0000000000,2026-04-03T11:00:00+00:00,2026-07-02T10:00:00+00:00,0.0000000000,35.0000000000,65.0000000000,-6.8022372600,-13.6044745200,-27.5868511100
core_crypto,kNEIRO,2160,100.0000000000,2026-04-03T11:00:00+00:00,2026-07-02T10:00:00+00:00,0.0000000000,39.8148148148,60.1851851852,-5.1918441900,-10.3836883800,-21.0558125483
core_crypto,kPEPE,2160,100.0000000000,2026-04-03T11:00:00+00:00,2026-07-02T10:00:00+00:00,0.0000000000,86.0648148148,13.9351851852,1.8358114800,3.6716229600,7.4452354467
core_crypto,kSHIB,2160,100.0000000000,2026-04-03T11:00:00+00:00,2026-07-02T10:00:00+00:00,0.0000000000,60.3240740741,39.6759259259,-0.6557720400,-1.3115440800,-2.6595199400
hip3_xyz,xyz:AAPL,2160,100.0000000000,2026-04-03T16:00:00+00:00,2026-07-02T15:00:00+00:00,0.0000000000,68.1018518519,31.8981481481,-0.0791306200,-0.1582612400,-0.3209186256
hip3_xyz,xyz:AMD,2160,100.0000000000,2026-04-03T16:00:00+00:00,2026-07-02T15:00:00+00:00,0.0000000000,81.6203703704,18.3796296296,2.3623278500,4.7246557000,9.5805518361
hip3_xyz,xyz:AMZN,2160,100.0000000000,2026-04-03T16:00:00+00:00,2026-07-02T15:00:00+00:00,0.0000000000,90.1851851852,9.8148148148,2.5768547400,5.1537094800,10.4505775567
hip3_xyz,xyz:BABA,2160,100.0000000000,2026-04-03T16:00:00+00:00,2026-07-02T15:00:00+00:00,0.0000000000,87.2685185185,12.7314814815,2.8448710900,5.6897421800,11.5375327539
hip3_xyz,xyz:BRENTOIL,2160,100.0000000000,2026-04-03T16:00:00+00:00,2026-07-02T15:00:00+00:00,0.0000000000,65.7407407407,34.2592592593,-6.2792330500,-12.5584661000,-25.4657784806
hip3_xyz,xyz:CL,2160,100.0000000000,2026-04-03T16:00:00+00:00,2026-07-02T15:00:00+00:00,0.0000000000,58.0092592593,41.9907407407,-10.5000670800,-21.0001341600,-42.5836053800
hip3_xyz,xyz:COIN,2160,100.0000000000,2026-04-03T16:00:00+00:00,2026-07-02T15:00:00+00:00,0.0000000000,82.9166666667,17.0833333333,1.2928458000,2.5856916000,5.2432079667
hip3_xyz,xyz:COPPER,2160,100.0000000000,2026-04-03T16:00:00+00:00,2026-07-02T15:00:00+00:00,0.0000000000,88.1481481481,11.8518518519,3.1137922300,6.2275844600,12.6281573772
hip3_xyz,xyz:COST,2160,100.0000000000,2026-04-03T16:00:00+00:00,2026-07-02T15:00:00+00:00,0.0000000000,67.4537037037,32.5462962963,4.4106939000,8.8213878000,17.8878141500
hip3_xyz,xyz:CRCL,2160,100.0000000000,2026-04-03T16:00:00+00:00,2026-07-02T15:00:00+00:00,0.0000000000,86.6203703704,13.3796296296,2.9775373000,5.9550746000,12.0755679389
hip3_xyz,xyz:CRWV,2160,100.0000000000,2026-04-03T16:00:00+00:00,2026-07-02T15:00:00+00:00,0.0000000000,82.8240740741,17.1759259259,5.4265137500,10.8530275000,22.0075279861
hip3_xyz,xyz:DKNG,2160,100.0000000000,2026-04-03T16:00:00+00:00,2026-07-02T15:00:00+00:00,0.0000000000,62.3148148148,37.6851851852,2.5439423200,5.0878846400,10.3170994089
hip3_xyz,xyz:EUR,2160,100.0000000000,2026-04-03T16:00:00+00:00,2026-07-02T15:00:00+00:00,0.0000000000,53.0092592593,3.8888888889,0.6483496800,1.2966993600,2.6294181467
hip3_xyz,xyz:EWJ,2160,100.0000000000,2026-04-03T16:00:00+00:00,2026-07-02T15:00:00+00:00,0.0000000000,65.4629629630,34.5370370370,-1.3210664600,-2.6421329200,-5.3576584211
hip3_xyz,xyz:EWY,2160,100.0000000000,2026-04-03T16:00:00+00:00,2026-07-02T15:00:00+00:00,0.0000000000,71.8981481481,28.1018518519,0.6286754400,1.2573508800,2.5496281733
hip3_xyz,xyz:GOLD,2160,100.0000000000,2026-04-03T16:00:00+00:00,2026-07-02T15:00:00+00:00,0.0000000000,93.1481481481,6.8518518519,1.7140751600,3.4281503200,6.9515270378
hip3_xyz,xyz:GOOGL,2160,100.0000000000,2026-04-03T16:00:00+00:00,2026-07-02T15:00:00+00:00,0.0000000000,89.2592592593,10.7407407407,2.4306286800,4.8612573600,9.8575496467
hip3_xyz,xyz:HIMS,2160,100.0000000000,2026-04-03T16:00:00+00:00,2026-07-02T15:00:00+00:00,0.0000000000,78.9814814815,21.0185185185,9.6797929600,19.3595859200,39.2569381156
hip3_xyz,xyz:HOOD,2160,100.0000000000,2026-04-03T16:00:00+00:00,2026-07-02T15:00:00+00:00,0.0000000000,88.8425925926,11.1574074074,2.8024296200,5.6048592400,11.3654090144
hip3_xyz,xyz:HYUNDAI,2160,100.0000000000,2026-04-03T16:00:00+00:00,2026-07-02T15:00:00+00:00,0.0000000000,59.5370370370,40.4629629630,12.4036134600,24.8072269200,50.3035434767
hip3_xyz,xyz:INTC,2160,100.0000000000,2026-04-03T16:00:00+00:00,2026-07-02T15:00:00+00:00,0.0000000000,85.5555555556,14.4444444444,2.6894024100,5.3788048200,10.9070208850
hip3_xyz,xyz:JP225,2031,94.0277777778,2026-04-09T01:00:00+00:00,2026-07-02T15:00:00+00:00,0.0000000000,65.9281142294,34.0718857706,1.0867053800,2.1734107600,4.6871192165
hip3_xyz,xyz:JPY,2160,100.0000000000,2026-04-03T16:00:00+00:00,2026-07-02T15:00:00+00:00,0.0000000000,3.2407407407,56.7129629630,-1.3664064200,-2.7328128400,-5.5415371478
hip3_xyz,xyz:KR200,2030,93.9814814815,2026-04-09T02:00:00+00:00,2026-07-02T15:00:00+00:00,0.0000000000,50.4926108374,49.5073891626,-4.1945910100,-8.3891820200,-18.1007966737
hip3_xyz,xyz:LLY,2160,100.0000000000,2026-04-03T16:00:00+00:00,2026-07-02T15:00:00+00:00,0.0000000000,78.5648148148,21.4351851852,6.2079980700,12.4159961400,25.1768810617
hip3_xyz,xyz:META,2160,100.0000000000,2026-04-03T16:00:00+00:00,2026-07-02T15:00:00+00:00,0.0000000000,89.5833333333,10.4166666667,2.4210070500,4.8420141000,9.8185285917
hip3_xyz,xyz:MSFT,2160,100.0000000000,2026-04-03T16:00:00+00:00,2026-07-02T15:00:00+00:00,0.0000000000,90.6018518519,9.3981481481,2.5048059800,5.0096119600,10.1583798078
hip3_xyz,xyz:MSTR,2160,100.0000000000,2026-04-03T16:00:00+00:00,2026-07-02T15:00:00+00:00,0.0000000000,70.0462962963,29.9537037037,0.7325753700,1.4651507400,2.9710001117
hip3_xyz,xyz:MU,2160,100.0000000000,2026-04-03T16:00:00+00:00,2026-07-02T15:00:00+00:00,0.0000000000,88.1018518519,11.8981481481,4.0052642800,8.0105285600,16.2435718022
hip3_xyz,xyz:NATGAS,2160,100.0000000000,2026-04-03T16:00:00+00:00,2026-07-02T15:00:00+00:00,0.0000000000,84.1203703704,15.8796296296,14.3558377900,28.7116755800,58.2208977039
hip3_xyz,xyz:NFLX,2160,100.0000000000,2026-04-03T16:00:00+00:00,2026-07-02T15:00:00+00:00,0.0000000000,85.3240740741,14.6759259259,1.5962489400,3.1924978800,6.4736762567
hip3_xyz,xyz:NVDA,2160,100.0000000000,2026-04-03T16:00:00+00:00,2026-07-02T15:00:00+00:00,0.0000000000,90.4166666667,9.5833333333,2.8634477300,5.7268954600,11.6128713494
hip3_xyz,xyz:ORCL,2160,100.0000000000,2026-04-03T16:00:00+00:00,2026-07-02T15:00:00+00:00,0.0000000000,86.0185185185,13.9814814815,2.8709384600,5.7418769200,11.6432504211
hip3_xyz,xyz:PALLADIUM,2160,100.0000000000,2026-04-03T16:00:00+00:00,2026-07-02T15:00:00+00:00,0.0000000000,80.1851851852,19.8148148148,5.1716375900,10.3432751800,20.9738635594
hip3_xyz,xyz:PLATINUM,2160,100.0000000000,2026-04-03T16:00:00+00:00,2026-07-02T15:00:00+00:00,0.0000000000,86.3888888889,13.6111111111,3.6780857900,7.3561715800,14.9166812594
hip3_xyz,xyz:PLTR,2160,100.0000000000,2026-04-03T16:00:00+00:00,2026-07-02T15:00:00+00:00,0.0000000000,89.9074074074,10.0925925926,2.1515475100,4.3030950200,8.7257204572
hip3_xyz,xyz:RIVN,2160,100.0000000000,2026-04-03T16:00:00+00:00,2026-07-02T15:00:00+00:00,0.0000000000,79.2592592593,20.7407407407,4.6908141700,9.3816283400,19.0238574672
hip3_xyz,xyz:SILVER,2160,100.0000000000,2026-04-03T16:00:00+00:00,2026-07-02T15:00:00+00:00,0.0000000000,90.4629629630,9.5370370370,1.8789037100,3.7578074200,7.6199983794
hip3_xyz,xyz:SKHX,2160,100.0000000000,2026-04-03T16:00:00+00:00,2026-07-02T15:00:00+00:00,0.0000000000,69.7685185185,30.2314814815,13.9920452100,27.9840904200,56.7455166850
hip3_xyz,xyz:SMSN,2160,100.0000000000,2026-04-03T16:00:00+00:00,2026-07-02T15:00:00+00:00,0.0000000000,64.4444444444,35.5555555556,12.7268123000,25.4536246000,51.6142943278
hip3_xyz,xyz:SNDK,2160,100.0000000000,2026-04-03T16:00:00+00:00,2026-07-02T15:00:00+00:00,0.0000000000,70.1851851852,29.8148148148,0.9205375200,1.8410750400,3.7332910533
hip3_xyz,xyz:SP500,2160,100.0000000000,2026-04-03T16:00:00+00:00,2026-07-02T15:00:00+00:00,0.0000000000,52.2685185185,47.7314814815,-0.4931073900,-0.9862147800,-1.9998244150
hip3_xyz,xyz:TSLA,2160,100.0000000000,2026-04-03T16:00:00+00:00,2026-07-02T15:00:00+00:00,0.0000000000,75.6018518519,24.3981481481,0.8729296100,1.7458592200,3.5402145294
hip3_xyz,xyz:TSM,2160,100.0000000000,2026-04-03T16:00:00+00:00,2026-07-02T15:00:00+00:00,0.0000000000,73.1018518519,26.8981481481,0.5559501600,1.1119003200,2.2546867600
hip3_xyz,xyz:URNM,2160,100.0000000000,2026-04-03T16:00:00+00:00,2026-07-02T15:00:00+00:00,0.0000000000,64.9537037037,35.0462962963,5.6481500100,11.2963000200,22.9063861517
hip3_xyz,xyz:USAR,2160,100.0000000000,2026-04-03T16:00:00+00:00,2026-07-02T15:00:00+00:00,0.0000000000,75.5092592593,24.4907407407,2.8744986300,5.7489972600,11.6576888883
hip3_xyz,xyz:XYZ100,2160,100.0000000000,2026-04-03T16:00:00+00:00,2026-07-02T15:00:00+00:00,0.0000000000,75.7407407407,24.2592592593,0.6357179000,1.2714358000,2.5781892611
